detail_url,homepage_label,gnavi_url,accessed_url,adopted_url,adopted_reason,fail_reason,ssl,ssl_reason
https://r.gnavi.co.jp/46h3sfcj0000/,オフィシャルページ,https://gj95805.gorp.jp/,https://gj95805.gorp.jp/,https://gj95805.gorp.jp/,final_url,,True,証明書を確認できた
https://r.gnavi.co.jp/9mpsba4d0000/,オフィシャルページ,https://gjf3506.gorp.jp/,https://gjf3506.gorp.jp/,https://gjf3506.gorp.jp/,final_url,,True,証明書を確認できた
https://r.gnavi.co.jp/74xgzuvf0000/,オフィシャルページ,https://gj95806.gorp.jp/,https://gj95806.gorp.jp/,https://gj95806.gorp.jp/,final_url,,True,証明書を確認できた
https://r.gnavi.co.jp/6r54mg980000/,オフィシャルページ,https://gjx5500.gorp.jp/,https://gjx5500.gorp.jp/,https://gjx5500.gorp.jp/,final_url,,True,証明書を確認できた
https://r.gnavi.co.jp/4443c8vt0000/,オフィシャルページ,https://gj95807.gorp.jp/,https://gj95807.gorp.jp/,https://gj95807.gorp.jp/,final_url,,True,証明書を確認できた
https://r.gnavi.co.jp/4beu23040000/,オフィシャルページ,https://g923915.gorp.jp/,https://g923915.gorp.jp/,https://g923915.gorp.jp/,final_url,,True,証明書を確認できた
https://r.gnavi.co.jp/7n0xghnh0000/,オフィシャルページ,https://gjkp502.gorp.jp/,https://gjkp502.gorp.jp/,https://gjkp502.gorp.jp/,final_url,,True,証明書を確認できた
https://r.gnavi.co.jp/gak5834/,お店のホームページ,https://totouo.dkdining.com/akihabara/,https://totouo.dkdining.com/akihabara/,https://totouo.dkdining.com/akihabara/,final_url,,True,証明書を確認できた
https://r.gnavi.co.jp/77tx4w170000/,オフィシャルページ,https://gjw0200.gorp.jp/,https://gjw0200.gorp.jp/,https://gjw0200.gorp.jp/,final_url,,True,証明書を確認できた
https://r.gnavi.co.jp/a239cmbc0000/,オフィシャルページ,https://ggxh803.gorp.jp/,https://ggxh803.gorp.jp/,https://ggxh803.gorp.jp/,final_url,,True,証明書を確認できた
https://r.gnavi.co.jp/ctxjtrpm0000/,オフィシャルページ,https://gdgc203.gorp.jp/,https://gdgc203.gorp.jp/,https://gdgc203.gorp.jp/,final_url,,True,証明書を確認できた
https://r.gnavi.co.jp/p0svn9z50000/,オフィシャルページ,https://gjj2102.gorp.jp/,https://gjj2102.gorp.jp/,https://gjj2102.gorp.jp/,final_url,,True,証明書を確認できた
https://r.gnavi.co.jp/dfgadcfu0000/,オフィシャルページ,https://gjpe300.gorp.jp/,https://gjpe300.gorp.jp/,https://gjpe300.gorp.jp/,final_url,,True,証明書を確認できた
https://r.gnavi.co.jp/crgp7ac30000/,オフィシャルページ,https://gjud900.gorp.jp/,https://gjud900.gorp.jp/,https://gjud900.gorp.jp/,final_url,,True,証明書を確認できた
https://r.gnavi.co.jp/e595006/,お店のホームページ,http://www.takada-ya.co.jp/,https://takada-ya.co.jp,https://takada-ya.co.jp,final_url,,True,証明書を確認できた
https://r.gnavi.co.jp/g753500/,お店のホームページ,http://www.esuperia.co.jp,https://esuperia.co.jp/,https://esuperia.co.jp/,final_url,,True,証明書を確認できた
https://r.gnavi.co.jp/jcjaxhg70000/,オフィシャルページ,https://gjrw500.gorp.jp/,https://gjrw500.gorp.jp/,https://gjrw500.gorp.jp/,final_url,,True,証明書を確認できた
https://r.gnavi.co.jp/1vn8wjcn0000/,お店のホームページ,https://jibundoki.dkdining.com/marunouchi_center_building/,https://jibundoki.dkdining.com/marunouchi_center_building/,https://jibundoki.dkdining.com/marunouchi_center_building/,final_url,,True,証明書を確認できた
https://r.gnavi.co.jp/462t5z9h0000/,オフィシャルページ,https://gcd1149.gorp.jp/,https://gcd1149.gorp.jp/,https://gcd1149.gorp.jp/,final_url,,True,証明書を確認できた
https://r.gnavi.co.jp/5wgvcv4a0000/,オフィシャルページ,https://gb2c705.gorp.jp/,https://gb2c705.gorp.jp/,https://gb2c705.gorp.jp/,final_url,,True,証明書を確認できた
https://r.gnavi.co.jp/3sv7dr290000/,オフィシャルページ,https://gj6h901.gorp.jp/,https://gj6h901.gorp.jp/,https://gj6h901.gorp.jp/,final_url,,True,証明書を確認できた
https://r.gnavi.co.jp/r1mdjarv0000/,オフィシャルページ,https://ggp5700.gorp.jp/,https://ggp5700.gorp.jp/,https://ggp5700.gorp.jp/,final_url,,True,証明書を確認できた
https://r.gnavi.co.jp/5rjx1spa0000/,オフィシャルページ,https://gjcb600.gorp.jp/,https://gjcb600.gorp.jp/,https://gjcb600.gorp.jp/,final_url,,True,証明書を確認できた
https://r.gnavi.co.jp/5532k1ns0000/,オフィシャルページ,https://gh1u708.gorp.jp/,https://gh1u708.gorp.jp/,https://gh1u708.gorp.jp/,final_url,,True,証明書を確認できた
https://r.gnavi.co.jp/7urp1rnn0000/,オフィシャルページ,https://gg8s415.gorp.jp/,https://gg8s415.gorp.jp/,https://gg8s415.gorp.jp/,final_url,,True,証明書を確認できた
https://r.gnavi.co.jp/jvkdasaa0000/,オフィシャルページ,https://gdgc219.gorp.jp/,https://gdgc219.gorp.jp/,https://gdgc219.gorp.jp/,final_url,,True,証明書を確認できた
https://r.gnavi.co.jp/cbnu99d70000/,お店のホームページ,http://kidshd.co.jp/,https://kidshd.co.jp/,https://kidshd.co.jp/,final_url,,True,証明書を確認できた
https://r.gnavi.co.jp/htsthm2e0000/,オフィシャルページ,https://gjj0400.gorp.jp/,https://gjj0400.gorp.jp/,https://gjj0400.gorp.jp/,final_url,,True,証明書を確認できた
https://r.gnavi.co.jp/326a806v0000/,オフィシャルページ,https://ghjw606.gorp.jp/,https://ghjw606.gorp.jp/,https://ghjw606.gorp.jp/,final_url,,True,証明書を確認できた
https://r.gnavi.co.jp/2s3hndsp0000/,オフィシャルページ,https://a683705.gorp.jp/,https://a683705.gorp.jp/,https://a683705.gorp.jp/,final_url,,True,証明書を確認できた
https://r.gnavi.co.jp/p1te9nux0000/,お店のホームページ,https://shinagawapivot.dkdining.com/,https://shinagawapivot.dkdining.com/,https://shinagawapivot.dkdining.com/,final_url,,True,証明書を確認できた
https://r.gnavi.co.jp/pthujy6z0000/,オフィシャルページ,https://gjcu703.gorp.jp/,https://gjcu703.gorp.jp/,https://gjcu703.gorp.jp/,final_url,,True,証明書を確認できた
https://r.gnavi.co.jp/cws7pkpz0000/,オフィシャルページ,https://gjgj000.gorp.jp/,https://gjgj000.gorp.jp/,https://gjgj000.gorp.jp/,final_url,,True,証明書を確認できた
https://r.gnavi.co.jp/dy1ft47z0000/,オフィシャルページ,https://gfhf110.gorp.jp/,https://gfhf110.gorp.jp/,https://gfhf110.gorp.jp/,final_url,,True,証明書を確認できた
https://r.gnavi.co.jp/ehfguxsn0000/,オフィシャルページ,https://gfx9108.gorp.jp/,https://gfx9108.gorp.jp/,https://gfx9108.gorp.jp/,final_url,,True,証明書を確認できた
https://r.gnavi.co.jp/fhymm4ce0000/,オフィシャルページ,https://gh29905.gorp.jp/,https://gh29905.gorp.jp/,https://gh29905.gorp.jp/,final_url,,True,証明書を確認できた
https://r.gnavi.co.jp/81gf1csx0000/,オフィシャルページ,https://waraukadonihauokitaru.gorp.jp/,https://waraukadonihauokitaru.gorp.jp/,https://waraukadonihauokitaru.gorp.jp/,final_url,,True,証明書を確認できた
https://r.gnavi.co.jp/6400hkse0000/,オフィシャルページ,https://g384436.gorp.jp/,https://g384436.gorp.jp/,https://g384436.gorp.jp/,final_url,,True,証明書を確認できた
https://r.gnavi.co.jp/bu1nrp450000/,オフィシャルページ,https://gdf5822.gorp.jp/,https://gdf5822.gorp.jp/,https://gdf5822.gorp.jp/,final_url,,True,証明書を確認できた
https://r.gnavi.co.jp/hzjwygfn0000/,オフィシャルページ,https://gcd1116.gorp.jp/,https://gcd1116.gorp.jp/,https://gcd1116.gorp.jp/,final_url,,True,証明書を確認できた
https://r.gnavi.co.jp/g5bzupr60000/,オフィシャルページ,https://gjfv802.gorp.jp/,https://gjfv802.gorp.jp/,https://gjfv802.gorp.jp/,final_url,,True,証明書を確認できた
https://r.gnavi.co.jp/rzpy6dcy0000/,お店のホームページ,https://www.facebook.com/hanamicyou/,https://www.facebook.com/hanamicyou/,https://www.facebook.com/hanamicyou/,final_url,,True,証明書を確認できた
https://r.gnavi.co.jp/hdju29gu0000/,オフィシャルページ,https://ggxm420.gorp.jp/,https://ggxm420.gorp.jp/,https://ggxm420.gorp.jp/,final_url,,True,証明書を確認できた
https://r.gnavi.co.jp/re1asg5m0000/,オフィシャルページ,https://ggz9502.gorp.jp/,https://ggz9502.gorp.jp/,https://ggz9502.gorp.jp/,final_url,,True,証明書を確認できた
https://r.gnavi.co.jp/ga6t500/,オフィシャルページ,https://ga6t500.gorp.jp/,https://ga6t500.gorp.jp/,https://ga6t500.gorp.jp/,final_url,,True,証明書を確認できた
https://r.gnavi.co.jp/9ybdyacw0000/,お店のホームページ,https://jibundoki-hamamatsucho.com/,https://jibundoki.dkdining.com/hamamatsucho/,https://jibundoki.dkdining.com/hamamatsucho/,final_url,,True,証明書を確認できた
https://r.gnavi.co.jp/8p0e5g280000/,オフィシャルページ,https://gfm4704.gorp.jp/,https://gfm4704.gorp.jp/,https://gfm4704.gorp.jp/,final_url,,True,証明書を確認できた
https://r.gnavi.co.jp/kjkb4jg00000/,オフィシャルページ,https://gf3y404.gorp.jp/,https://gf3y404.gorp.jp/,https://gf3y404.gorp.jp/,final_url,,True,証明書を確認できた
https://r.gnavi.co.jp/3f3hb0u00000/,オフィシャルページ,https://gce9109.gorp.jp/,https://gce9109.gorp.jp/,https://gce9109.gorp.jp/,final_url,,True,証明書を確認できた
https://r.gnavi.co.jp/d5r04m190000/,オフィシャルページ,https://gg9t303.gorp.jp/,https://gg9t303.gorp.jp/,https://gg9t303.gorp.jp/,final_url,,True,証明書を確認できた
